Workbook

Sheet 路口(A)
A1: 表1 路口轉向交通量調查表
A2: 站號：11017T15-01 | H2: 日期：115年05月04日(平日)
A3: 站名：中山北路/岡山路口(七叉路口) | H3: 天候：晴
A4: 路口編號：A | H4: 調查員：黃明和、郭秀玲
A5: 時 間 | B5: 機車 | H5: 小型車 | N5: 大型車 | P5: 大型車 | T5: 特種車 | V5: 大型車
B6: 往B | C6: 往C | D6: 往D | E6: 往E | F6: 往F | G6: 往G | H6: 往B | I6: 往C | J6: 往D | K6: 往E | L6: 往F | M6: 往G | N6: 往B | O6: 往C | P6: 往D | Q6: 往E | R6: 往F | S6: 往G | T6: 往B | U6: 往C | V6: 往D | W6: 往E | X6: 往F | Y6: 往G
A7: 07:00～07:15 | B7: 12 | C7: 48 | D7: 12 | E7: 17 | F7: 2 | G7: 0 | H7: 5 | I7: 18 | J7: 2 | K7: 7 | L7: 2 | M7: 0 | N7: 0 | O7: 0 | P7: 0 | Q7: 0 | R7: 0 | S7: 0 | T7: 0 | U7: 0 | V7: 0 | W7: 0 | X7: 0 | Y7: 0
A8: 07:15～07:30 | B8: 10 | C8: 60 | D8: 11 | E8: 25 | F8: 17 | G8: 0 | H8: 7 | I8: 31 | J8: 2 | K8: 5 | L8: 4 | M8: 0 | N8: 1 | O8: 1 | P8: 0 | Q8: 0 | R8: 0 | S8: 0 | T8: 0 | U8: 0 | V8: 0 | W8: 0 | X8: 0 | Y8: 0
A9: 07:30～07:45 | B9: 18 | C9: 32 | D9: 6 | E9: 21 | F9: 13 | G9: 0 | H9: 10 | I9: 16 | J9: 1 | K9: 8 | L9: 3 | M9: 0 | N9: 2 | O9: 0 | P9: 0 | Q9: 1 | R9: 0 | S9: 0 | T9: 0 | U9: 0 | V9: 0 | W9: 0 | X9: 0 | Y9: 0
A10: 07:45～08:00 | B10: 17 | C10: 30 | D10: 11 | E10: 22 | F10: 8 | G10: 0 | H10: 8 | I10: 20 | J10: 0 | K10: 6 | L10: 1 | M10: 1 | N10: 0 | O10: 1 | P10: 0 | Q10: 1 | R10: 0 | S10: 0 | T10: 0 | U10: 0 | V10: 0 | W10: 0 | X10: 0 | Y10: 0
A11: 08:00～08:15 | B11: 14 | C11: 35 | D11: 14 | E11: 18 | F11: 3 | G11: 0 | H11: 12 | I11: 15 | J11: 1 | K11: 10 | L11: 0 | M11: 0 | N11: 2 | O11: 1 | P11: 0 | Q11: 0 | R11: 0 | S11: 0 | T11: 0 | U11: 0 | V11: 0 | W11: 0 | X11: 0 | Y11: 0
A12: 08:15～08:30 | B12: 7 | C12: 24 | D12: 9 | E12: 14 | F12: 5 | G12: 0 | H12: 10 | I12: 20 | J12: 1 | K12: 5 | L12: 3 | M12: 0 | N12: 0 | O12: 1 | P12: 0 | Q12: 0 | R12: 0 | S12: 0 | T12: 0 | U12: 0 | V12: 0 | W12: 0 | X12: 0 | Y12: 0
A13: 08:30～08:45 | B13: 9 | C13: 29 | D13: 16 | E13: 16 | F13: 2 | G13: 0 | H13: 5 | I13: 13 | J13: 0 | K13: 6 | L13: 1 | M13: 0 | N13: 0 | O13: 1 | P13: 0 | Q13: 0 | R13: 0 | S13: 0 | T13: 0 | U13: 0 | V13: 0 | W13: 0 | X13: 0 | Y13: 0
A14: 08:45～09:00 | B14: 6 | C14: 23 | D14: 11 | E14: 8 | F14: 1 | G14: 0 | H14: 3 | I14: 11 | J14: 0 | K14: 6 | L14: 1 | M14: 0 | N14: 0 | O14: 0 | P14: 0 | Q14: 0 | R14: 0 | S14: 0 | T14: 0 | U14: 0 | V14: 0 | W14: 0 | X14: 0 | Y14: 0
A16: 17:00～17:15 | B16: 42 | C16: 92 | D16: 32 | E16: 41 | F16: 3 | G16: 0 | H16: 17 | I16: 30 | J16: 0 | K16: 10 | L16: 2 | M16: 0 | N16: 1 | O16: 1 | P16: 0 | Q16: 0 | R16: 0 | S16: 0 | T16: 0 | U16: 0 | V16: 0 | W16: 0 | X16: 0 | Y16: 0
A17: 17:15～17:30 | B17: 22 | C17: 97 | D17: 30 | E17: 34 | F17: 5 | G17: 0 | H17: 14 | I17: 21 | J17: 1 | K17: 11 | L17: 2 | M17: 0 | N17: 0 | O17: 0 | P17: 0 | Q17: 0 | R17: 0 | S17: 0 | T17: 0 | U17: 0 | V17: 0 | W17: 0 | X17: 0 | Y17: 0
A18: 17:30～17:45 | B18: 15 | C18: 52 | D18: 32 | E18: 31 | F18: 1 | G18: 0 | H18: 20 | I18: 24 | J18: 2 | K18: 8 | L18: 1 | M18: 0 | N18: 2 | O18: 0 | P18: 0 | Q18: 2 | R18: 0 | S18: 0 | T18: 0 | U18: 0 | V18: 0 | W18: 0 | X18: 0 | Y18: 0
A19: 17:45～18:00 | B19: 19 | C19: 33 | D19: 13 | E19: 24 | F19: 2 | G19: 0 | H19: 15 | I19: 31 | J19: 3 | K19: 13 | L19: 2 | M19: 0 | N19: 0 | O19: 0 | P19: 0 | Q19: 0 | R19: 0 | S19: 0 | T19: 0 | U19: 0 | V19: 0 | W19: 0 | X19: 0 | Y19: 0
... A23: 18:45～19:00 | B23: 6 | C23: 22 | D23: 8 | E23: 13 | F23: 1 | G23: 0 | H23: 9 | I23: 18 | J23: 1 | K23: 8 | L23: 5 | M23: 0 | N23: 0 | O23: 0 | P23: 0 | Q23: 0 | R23: 0 | S23: 0 | T23: 0 | U23: 0 | V23: 0 | W23: 0 | X23: 0 | Y23: 0
A24: '註：1.機車(含重機)。2.小型車(小客車、小貨車)。3.大型車(大客車、大貨車)。4.特種車(連結車、貨櫃車等)。

Sheet 路口B
A1: 表1 路口轉向交通量調查表
A2: ='路口(A)'!A2 -> 站號：11017T15-01 | H2: ='路口(A)'!H2 -> 日期：115年05月04日(平日)
A3: ='路口(A)'!A3 -> 站名：中山北路/岡山路口(七叉路口) | H3: ='路口(A)'!H3 -> 天候：晴
A4: 路口編號：B | H4: ='路口(A)'!H4 -> 調查員：黃明和、郭秀玲
A5: 時 間 | B5: 機車 | H5: 小型車 | N5: 大型車 | P5: 大型車 | T5: 特種車 | V5: 大型車
B6: 往C | C6: 往D | D6: 往E | E6: 往F | F6: 往G | G6: 往A | H6: 往C | I6: 往D | J6: 往E | K6: 往F | L6: 往G | M6: 往A | N6: 往C | O6: 往D | P6: 往E | Q6: 往F | R6: 往G | S6: 往A | T6: 往C | U6: 往D | V6: 往E | W6: 往F | X6: 往G | Y6: 往A
A7: 07:00～07:15 | B7: 0 | C7: 0 | D7: 0 | E7: 239 | F7: 27 | G7: 10 | H7: 0 | I7: 0 | J7: 2 | K7: 77 | L7: 28 | M7: 6 | N7: 0 | O7: 0 | P7: 0 | Q7: 2 | R7: 1 | S7: 0 | T7: 0 | U7: 0 | V7: 0 | W7: 2 | X7: 1 | Y7: 1
A8: 07:15～07:30 | B8: 0 | C8: 0 | D8: 0 | E8: 271 | F8: 32 | G8: 26 | H8: 2 | I8: 0 | J8: 3 | K8: 95 | L8: 21 | M8: 8 | N8: 0 | O8: 0 | P8: 0 | Q8: 4 | R8: 0 | S8: 0 | T8: 0 | U8: 0 | V8: 0 | W8: 1 | X8: 1 | Y8: 0
A9: 07:30～07:45 | B9: 0 | C9: 0 | D9: 0 | E9: 473 | F9: 60 | G9: 42 | H9: 0 | I9: 0 | J9: 1 | K9: 125 | L9: 41 | M9: 14 | N9: 0 | O9: 0 | P9: 0 | Q9: 3 | R9: 2 | S9: 0 | T9: 0 | U9: 0 | V9: 0 | W9: 0 | X9: 1 | Y9: 0
A10: 07:45～08:00 | B10: 0 | C10: 0 | D10: 0 | E10: 242 | F10: 30 | G10: 26 | H10: 0 | I10: 0 | J10: 3 | K10: 70 | L10: 23 | M10: 12 | N10: 0 | O10: 0 | P10: 1 | Q10: 2 | R10: 5 | S10: 0 | T10: 0 | U10: 0 | V10: 0 | W10: 1 | X10: 2 | Y10: 1
A11: 08:00～08:15 | B11: 0 | C11: 0 | D11: 0 | E11: 172 | F11: 14 | G11: 10 | H11: 1 | I11: 0 | J11: 0 | K11: 90 | L11: 18 | M11: 6 | N11: 0 | O11: 0 | P11: 0 | Q11: 5 | R11: 2 | S11: 1 | T11: 0 | U11: 0 | V11: 0 | W11: 3 | X11: 3 | Y11: 0
A12: 08:15～08:30 | B12: 0 | C12: 0 | D12: 0 | E12: 86 | F12: 7 | G12: 5 | H12: 0 | I12: 0 | J12: 0 | K12: 50 | L12: 11 | M12: 3 | N12: 0 | O12: 0 | P12: 1 | Q12: 6 | R12: 3 | S12: 0 | T12: 0 | U12: 0 | V12: 0 | W12: 5 | X12: 0 | Y12: 0
A13: 08:30～08:45 | B13: 0 | C13: 0 | D13: 1 | E13: 80 | F13: 4 | G13: 12 | H13: 3 | I13: 0 | J13: 1 | K13: 67 | L13: 12 | M13: 10 | N13: 0 | O13: 0 | P13: 0 | Q13: 5 | R13: 1 | S13: 0 | T13: 0 | U13: 0 | V13: 0 | W13: 2 | X13: 3 | Y13: 0
A14: 08:45～09:00 | B14: 0 | C14: 0 | D14: 0 | E14: 54 | F14: 5 | G14: 9 | H14: 0 | I14: 0 | J14: 2 | K14: 47 | L14: 6 | M14: 2 | N14: 0 | O14: 0 | P14: 0 | Q14: 2 | R14: 3 | S14: 0 | T14: 0 | U14: 0 | V14: 0 | W14: 5 | X14: 0 | Y14: 0
A16: 17:00～17:15 | B16: 0 | C16: 0 | D16: 0 | E16: 68 | F16: 9 | G16: 6 | H16: 3 | I16: 0 | J16: 3 | K16: 55 | L16: 14 | M16: 2 | N16: 0 | O16: 0 | P16: 1 | Q16: 0 | R16: 2 | S16: 0 | T16: 0 | U16: 0 | V16: 0 | W16: 1 | X16: 0 | Y16: 0
A17: 17:15～17:30 | B17: 0 | C17: 0 | D17: 0 | E17: 78 | F17: 6 | G17: 14 | H17: 0 | I17: 0 | J17: 1 | K17: 42 | L17: 8 | M17: 9 | N17: 0 | O17: 0 | P17: 0 | Q17: 3 | R17: 1 | S17: 1 | T17: 0 | U17: 0 | V17: 0 | W17: 0 | X17: 0 | Y17: 0
A18: 17:30～17:45 | B18: 0 | C18: 0 | D18: 1 | E18: 73 | F18: 10 | G18: 7 | H18: 1 | I18: 0 | J18: 3 | K18: 60 | L18: 14 | M18: 5 | N18: 0 | O18: 0 | P18: 0 | Q18: 2 | R18: 2 | S18: 0 | T18: 0 | U18: 0 | V18: 0 | W18: 1 | X18: 2 | Y18: 0
A19: 17:45～18:00 | B19: 0 | C19: 0 | D19: 0 | E19: 62 | F19: 7 | G19: 11 | H19: 2 | I19: 0 | J19: 4 | K19: 65 | L19: 9 | M19: 11 | N19: 0 | O19: 0 | P19: 0 | Q19: 4 | R19: 1 | S19: 1 | T19: 0 | U19: 0 | V19: 0 | W19: 0 | X19: 1 | Y19: 0
... A23: 18:45～19:00 | B23: 0 | C23: 0 | D23: 0 | E23: 60 | F23: 9 | G23: 5 | H23: 1 | I23: 0 | J23: 2 | K23: 35 | L23: 7 | M23: 4 | N23: 0 | O23: 0 | P23: 0 | Q23: 2 | R23: 1 | S23: 0 | T23: 0 | U23: 0 | V23: 0 | W23: 1 | X23: 0 | Y23: 0
A24: '註：1.機車(含重機)。2.小型車(小客車、小貨車)。3.大型車(大客車、大貨車)。4.特種車(連結車、貨櫃車等)。

Sheet 路口C
A1: 表1 路口轉向交通量調查表
A2: ='路口(A)'!A2 -> 站號：11017T15-01 | H2: ='路口(A)'!H2 -> 日期：115年05月04日(平日)
A3: ='路口(A)'!A3 -> 站名：中山北路/岡山路口(七叉路口) | H3: ='路口(A)'!H3 -> 天候：晴
A4: 路口編號：C | H4: ='路口(A)'!H4 -> 調查員：黃明和、郭秀玲
A5: 時 間 | B5: 機車 | H5: 小型車 | N5: 大型車 | P5: 大型車 | T5: 特種車 | V5: 大型車
B6: 往D | C6: 往E | D6: 往F | E6: 往G | F6: 往A | G6: 往B | H6: 往D | I6: 往E | J6: 往F | K6: 往G | L6: 往A | M6: 往B | N6: 往D | O6: 往E | P6: 往F | Q6: 往G | R6: 往A | S6: 往B | T6: 往D | U6: 往E | V6: 往F | W6: 往G | X6: 往A | Y6: 往B
A7: 07:00～07:15 | B7: 0 | C7: 0 | D7: 131 | E7: 23 | F7: 33 | G7: 0 | H7: 0 | I7: 1 | J7: 67 | K7: 20 | L7: 12 | M7: 2 | N7: 0 | O7: 1 | P7: 3 | Q7: 1 | R7: 4 | S7: 0 | T7: 0 | U7: 0 | V7: 1 | W7: 0 | X7: 0 | Y7: 0
A8: 07:15～07:30 | B8: 0 | C8: 0 | D8: 186 | E8: 36 | F8: 45 | G8: 1 | H8: 1 | I8: 1 | J8: 74 | K8: 26 | L8: 9 | M8: 1 | N8: 0 | O8: 0 | P8: 2 | Q8: 0 | R8: 2 | S8: 0 | T8: 0 | U8: 0 | V8: 0 | W8: 0 | X8: 0 | Y8: 0
A9: 07:30～07:45 | B9: 0 | C9: 0 | D9: 205 | E9: 60 | F9: 61 | G9: 0 | H9: 0 | I9: 0 | J9: 92 | K9: 35 | L9: 18 | M9: 2 | N9: 0 | O9: 0 | P9: 5 | Q9: 2 | R9: 0 | S9: 0 | T9: 0 | U9: 0 | V9: 0 | W9: 0 | X9: 0 | Y9: 0
A10: 07:45～08:00 | B10: 0 | C10: 0 | D10: 123 | E10: 44 | F10: 32 | G10: 2 | H10: 0 | I10: 0 | J10: 70 | K10: 28 | L10: 13 | M10: 0 | N10: 0 | O10: 0 | P10: 2 | Q10: 3 | R10: 3 | S10: 0 | T10: 0 | U10: 0 | V10: 0 | W10: 0 | X10: 0 | Y10: 0
A11: 08:00～08:15 | B11: 0 | C11: 0 | D11: 97 | E11: 16 | F11: 16 | G11: 1 | H11: 0 | I11: 0 | J11: 66 | K11: 17 | L11: 10 | M11: 1 | N11: 0 | O11: 1 | P11: 4 | Q11: 0 | R11: 2 | S11: 0 | T11: 0 | U11: 0 | V11: 0 | W11: 0 | X11: 0 | Y11: 0
A12: 08:15～08:30 | B12: 0 | C12: 0 | D12: 65 | E12: 12 | F12: 12 | G12: 0 | H12: 0 | I12: 1 | J12: 50 | K12: 9 | L12: 12 | M12: 3 | N12: 0 | O12: 0 | P12: 1 | Q12: 0 | R12: 0 | S12: 0 | T12: 0 | U12: 0 | V12: 0 | W12: 0 | X12: 0 | Y12: 0
A13: 08:30～08:45 | B13: 0 | C13: 0 | D13: 51 | E13: 8 | F13: 17 | G13: 0 | H13: 0 | I13: 0 | J13: 61 | K13: 14 | L13: 18 | M13: 1 | N13: 0 | O13: 0 | P13: 3 | Q13: 0 | R13: 0 | S13: 0 | T13: 0 | U13: 0 | V13: 0 | W13: 0 | X13: 0 | Y13: 0
A14: 08:45～09:00 | B14: 0 | C14: 0 | D14: 40 | E14: 12 | F14: 23 | G14: 0 | H14: 0 | I14: 1 | J14: 41 | K14: 11 | L14: 15 | M14: 4 | N14: 0 | O14: 0 | P14: 2 | Q14: 0 | R14: 1 | S14: 0 | T14: 0 | U14: 0 | V14: 0 | W14: 0 | X14: 0 | Y14: 0
A16: 17:00～17:15 | B16: 0 | C16: 0 | D16: 40 | E16: 8 | F16: 35 | G16: 1 | H16: 1 | I16: 3 | J16: 46 | K16: 15 | L16: 32 | M16: 5 | N16: 0 | O16: 1 | P16: 1 | Q16: 0 | R16: 0 | S16: 0 | T16: 0 | U16: 0 | V16: 0 | W16: 0 | X16: 0 | Y16: 0
A17: 17:15～17:30 | B17: 0 | C17: 0 | D17: 46 | E17: 11 | F17: 26 | G17: 1 | H17: 0 | I17: 1 | J17: 33 | K17: 11 | L17: 18 | M17: 2 | N17: 0 | O17: 0 | P17: 1 | Q17: 0 | R17: 1 | S17: 0 | T17: 0 | U17: 0 | V17: 0 | W17: 0 | X17: 0 | Y17: 0
A18: 17:30～17:45 | B18: 0 | C18: 0 | D18: 62 | E18: 13 | F18: 42 | G18: 2 | H18: 0 | I18: 3 | J18: 40 | K18: 17 | L18: 20 | M18: 4 | N18: 0 | O18: 0 | P18: 4 | Q18: 0 | R18: 4 | S18: 0 | T18: 0 | U18: 0 | V18: 0 | W18: 0 | X18: 0 | Y18: 0
A19: 17:45～18:00 | B19: 0 | C19: 0 | D19: 45 | E19: 18 | F19: 29 | G19: 0 | H19: 1 | I19: 0 | J19: 30 | K19: 10 | L19: 18 | M19: 1 | N19: 0 | O19: 0 | P19: 2 | Q19: 1 | R19: 2 | S19: 0 | T19: 0 | U19: 0 | V19: 0 | W19: 0 | X19: 0 | Y19: 0
... A23: 18:45～19:00 | B23: 0 | C23: 0 | D23: 34 | E23: 10 | F23: 22 | G23: 1 | H23: 1 | I23: 1 | J23: 27 | K23: 11 | L23: 25 | M23: 3 | N23: 0 | O23: 0 | P23: 1 | Q23: 0 | R23: 1 | S23: 0 | T23: 0 | U23: 0 | V23: 0 | W23: 0 | X23: 0 | Y23: 0
A24: '註：1.機車(含重機)。2.小型車(小客車、小貨車)。3.大型車(大客車、大貨車)。4.特種車(連結車、貨櫃車等)。

Sheet 路口D
A1: 表1 路口轉向交通量調查表
A2: ='路口(A)'!A2 -> 站號：11017T15-01 | H2: ='路口(A)'!H2 -> 日期：115年05月04日(平日)
A3: ='路口(A)'!A3 -> 站名：中山北路/岡山路口(七叉路口) | H3: ='路口(A)'!H3 -> 天候：晴
A4: 路口編號：D | H4: ='路口(A)'!H4 -> 調查員：黃明和、郭秀玲
A5: 時 間 | B5: 機車 | H5: 小型車 | N5: 大型車 | P5: 大型車 | T5: 特種車 | V5: 大型車
B6: 往E | C6: 往F | D6: 往G | E6: 往A | F6: 往B | G6: 往C | H6: 往E | I6: 往F | J6: 往G | K6: 往A | L6: 往B | M6: 往C | N6: 往E | O6: 往F | P6: 往G | Q6: 往A | R6: 往B | S6: 往C | T6: 往E | U6: 往F | V6: 往G | W6: 往A | X6: 往B | Y6: 往C
A7: 07:00～07:15 | B7: 0 | C7: 4 | D7: 10 | E7: 23 | F7: 0 | G7: 0 | H7: 0 | I7: 0 | J7: 4 | K7: 2 | L7: 1 | M7: 0 | N7: 0 | O7: 0 | P7: 0 | Q7: 0 | R7: 0 | S7: 0 | T7: 0 | U7: 0 | V7: 0 | W7: 0 | X7: 0 | Y7: 0
A8: 07:15～07:30 | B8: 0 | C8: 10 | D8: 21 | E8: 45 | F8: 3 | G8: 1 | H8: 0 | I8: 3 | J8: 2 | K8: 1 | L8: 0 | M8: 0 | N8: 0 | O8: 0 | P8: 0 | Q8: 0 | R8: 0 | S8: 0 | T8: 0 | U8: 0 | V8: 0 | W8: 0 | X8: 0 | Y8: 0
A9: 07:30～07:45 | B9: 0 | C9: 18 | D9: 75 | E9: 70 | F9: 1 | G9: 0 | H9: 0 | I9: 3 | J9: 7 | K9: 6 | L9: 3 | M9: 1 | N9: 0 | O9: 0 | P9: 0 | Q9: 0 | R9: 0 | S9: 0 | T9: 0 | U9: 0 | V9: 0 | W9: 0 | X9: 0 | Y9: 0
A10: 07:45～08:00 | B10: 0 | C10: 7 | D10: 40 | E10: 41 | F10: 5 | G10: 3 | H10: 0 | I10: 1 | J10: 4 | K10: 3 | L10: 1 | M10: 0 | N10: 0 | O10: 0 | P10: 0 | Q10: 0 | R10: 0 | S10: 1 | T10: 0 | U10: 0 | V10: 0 | W10: 0 | X10: 0 | Y10: 0
A11: 08:00～08:15 | B11: 0 | C11: 5 | D11: 21 | E11: 19 | F11: 2 | G11: 2 | H11: 0 | I11: 0 | J11: 3 | K11: 0 | L11: 3 | M11: 4 | N11: 0 | O11: 0 | P11: 0 | Q11: 0 | R11: 0 | S11: 0 | T11: 0 | U11: 0 | V11: 0 | W11: 0 | X11: 0 | Y11: 0
A12: 08:15～08:30 | B12: 0 | C12: 8 | D12: 10 | E12: 22 | F12: 4 | G12: 1 | H12: 0 | I12: 0 | J12: 1 | K12: 4 | L12: 0 | M12: 0 | N12: 0 | O12: 0 | P12: 0 | Q12: 0 | R12: 0 | S12: 0 | T12: 0 | U12: 0 | V12: 0 | W12: 0 | X12: 0 | Y12: 0
A13: 08:30～08:45 | B13: 0 | C13: 3 | D13: 12 | E13: 22 | F13: 2 | G13: 2 | H13: 0 | I13: 0 | J13: 1 | K13: 1 | L13: 2 | M13: 0 | N13: 0 | O13: 0 | P13: 0 | Q13: 0 | R13: 0 | S13: 0 | T13: 0 | U13: 0 | V13: 0 | W13: 0 | X13: 0 | Y13: 0
A14: 08:45～09:00 | B14: 0 | C14: 3 | D14: 8 | E14: 18 | F14: 1 | G14: 4 | H14: 0 | I14: 1 | J14: 0 | K14: 2 | L14: 1 | M14: 0 | N14: 0 | O14: 0 | P14: 0 | Q14: 0 | R14: 0 | S14: 0 | T14: 0 | U14: 0 | V14: 0 | W14: 0 | X14: 0 | Y14: 0
A16: 17:00～17:15 | B16: 0 | C16: 3 | D16: 7 | E16: 43 | F16: 0 | G16: 1 | H16: 0 | I16: 0 | J16: 2 | K16: 2 | L16: 0 | M16: 1 | N16: 0 | O16: 0 | P16: 0 | Q16: 0 | R16: 0 | S16: 0 | T16: 0 | U16: 0 | V16: 0 | W16: 0 | X16: 0 | Y16: 0
A17: 17:15～17:30 | B17: 0 | C17: 8 | D17: 11 | E17: 37 | F17: 3 | G17: 3 | H17: 0 | I17: 2 | J17: 1 | K17: 1 | L17: 1 | M17: 1 | N17: 0 | O17: 0 | P17: 0 | Q17: 0 | R17: 0 | S17: 0 | T17: 0 | U17: 0 | V17: 0 | W17: 0 | X17: 0 | Y17: 0
A18: 17:30～17:45 | B18: 0 | C18: 12 | D18: 15 | E18: 60 | F18: 1 | G18: 2 | H18: 0 | I18: 0 | J18: 0 | K18: 1 | L18: 0 | M18: 0 | N18: 0 | O18: 0 | P18: 0 | Q18: 0 | R18: 0 | S18: 0 | T18: 0 | U18: 0 | V18: 0 | W18: 0 | X18: 0 | Y18: 0
A19: 17:45～18:00 | B19: 0 | C19: 6 | D19: 10 | E19: 41 | F19: 3 | G19: 2 | H19: 0 | I19: 2 | J19: 2 | K19: 3 | L19: 0 | M19: 0 | N19: 0 | O19: 0 | P19: 0 | Q19: 0 | R19: 0 | S19: 0 | T19: 0 | U19: 0 | V19: 0 | W19: 0 | X19: 0 | Y19: 0
... A23: 18:45～19:00 | B23: 0 | C23: 6 | D23: 8 | E23: 35 | F23: 1 | G23: 1 | H23: 0 | I23: 0 | J23: 0 | K23: 1 | L23: 0 | M23: 0 | N23: 0 | O23: 0 | P23: 0 | Q23: 0 | R23: 0 | S23: 0 | T23: 0 | U23: 0 | V23: 0 | W23: 0 | X23: 0 | Y23: 0
A24: '註：1.機車(含重機)。2.小型車(小客車、小貨車)。3.大型車(大客車、大貨車)。4.特種車(連結車、貨櫃車等)。

Sheet 路口E
A1: 表1 路口轉向交通量調查表
A2: ='路口(A)'!A2 -> 站號：11017T15-01 | H2: ='路口(A)'!H2 -> 日期：115年05月04日(平日)
A3: ='路口(A)'!A3 -> 站名：中山北路/岡山路口(七叉路口) | H3: ='路口(A)'!H3 -> 天候：晴
A4: 路口編號：E | H4: ='路口(A)'!H4 -> 調查員：黃明和、郭秀玲
A5: 時 間 | B5: 機車 | H5: 小型車 | N5: 大型車 | P5: 大型車 | T5: 特種車 | V5: 大型車
B6: 往F | C6: 往G | D6: 往A | E6: 往B | F6: 往C | G6: 往D | H6: 往F | I6: 往G | J6: 往A | K6: 往B | L6: 往C | M6: 往D | N6: 往F | O6: 往G | P6: 往A | Q6: 往B | R6: 往C | S6: 往D | T6: 往F | U6: 往G | V6: 往A | W6: 往B | X6: 往C | Y6: 往D
A7: 07:00～07:15 | B7: 5 | C7: 11 | D7: 30 | E7: 5 | F7: 1 | G7: 0 | H7: 0 | I7: 3 | J7: 10 | K7: 2 | L7: 2 | M7: 0 | N7: 0 | O7: 0 | P7: 0 | Q7: 0 | R7: 1 | S7: 0 | T7: 0 | U7: 0 | V7: 0 | W7: 0 | X7: 0 | Y7: 0
A8: 07:15～07:30 | B8: 4 | C8: 6 | D8: 42 | E8: 3 | F8: 2 | G8: 0 | H8: 2 | I8: 11 | J8: 7 | K8: 3 | L8: 0 | M8: 0 | N8: 1 | O8: 0 | P8: 0 | Q8: 0 | R8: 0 | S8: 0 | T8: 0 | U8: 0 | V8: 0 | W8: 0 | X8: 0 | Y8: 0
A9: 07:30～07:45 | B9: 10 | C9: 18 | D9: 54 | E9: 6 | F9: 3 | G9: 0 | H9: 4 | I9: 13 | J9: 12 | K9: 5 | L9: 2 | M9: 0 | N9: 0 | O9: 0 | P9: 0 | Q9: 0 | R9: 0 | S9: 0 | T9: 0 | U9: 0 | V9: 0 | W9: 0 | X9: 0 | Y9: 0
A10: 07:45～08:00 | B10: 7 | C10: 10 | D10: 30 | E10: 3 | F10: 6 | G10: 0 | H10: 2 | I10: 10 | J10: 8 | K10: 2 | L10: 3 | M10: 0 | N10: 0 | O10: 0 | P10: 0 | Q10: 0 | R10: 0 | S10: 0 | T10: 0 | U10: 0 | V10: 0 | W10: 0 | X10: 0 | Y10: 0
A11: 08:00～08:15 | B11: 2 | C11: 5 | D11: 21 | E11: 2 | F11: 3 | G11: 0 | H11: 4 | I11: 7 | J11: 17 | K11: 6 | L11: 1 | M11: 0 | N11: 0 | O11: 0 | P11: 0 | Q11: 0 | R11: 0 | S11: 0 | T11: 0 | U11: 0 | V11: 0 | W11: 0 | X11: 0 | Y11: 0
A12: 08:15～08:30 | B12: 3 | C12: 2 | D12: 26 | E12: 0 | F12: 2 | G12: 0 | H12: 1 | I12: 4 | J12: 11 | K12: 4 | L12: 3 | M12: 0 | N12: 1 | O12: 0 | P12: 0 | Q12: 0 | R12: 0 | S12: 0 | T12: 0 | U12: 0 | V12: 0 | W12: 0 | X12: 0 | Y12: 0
A13: 08:30～08:45 | B13: 5 | C13: 3 | D13: 23 | E13: 2 | F13: 8 | G13: 0 | H13: 2 | I13: 5 | J13: 12 | K13: 1 | L13: 1 | M13: 0 | N13: 0 | O13: 0 | P13: 0 | Q13: 0 | R13: 0 | S13: 0 | T13: 0 | U13: 0 | V13: 0 | W13: 0 | X13: 0 | Y13: 0
A14: 08:45～09:00 | B14: 1 | C14: 4 | D14: 17 | E14: 3 | F14: 1 | G14: 0 | H14: 1 | I14: 2 | J14: 6 | K14: 2 | L14: 3 | M14: 0 | N14: 0 | O14: 0 | P14: 0 | Q14: 0 | R14: 0 | S14: 0 | T14: 0 | U14: 0 | V14: 0 | W14: 0 | X14: 0 | Y14: 0
A16: 17:00～17:15 | B16: 6 | C16: 2 | D16: 64 | E16: 10 | F16: 4 | G16: 0 | H16: 3 | I16: 4 | J16: 23 | K16: 7 | L16: 2 | M16: 0 | N16: 1 | O16: 0 | P16: 0 | Q16: 0 | R16: 1 | S16: 0 | T16: 0 | U16: 0 | V16: 0 | W16: 0 | X16: 0 | Y16: 0
A17: 17:15～17:30 | B17: 10 | C17: 7 | D17: 58 | E17: 7 | F17: 7 | G17: 0 | H17: 1 | I17: 5 | J17: 20 | K17: 3 | L17: 4 | M17: 0 | N17: 1 | O17: 1 | P17: 0 | Q17: 0 | R17: 0 | S17: 0 | T17: 0 | U17: 0 | V17: 0 | W17: 0 | X17: 0 | Y17: 0
A18: 17:30～17:45 | B18: 13 | C18: 5 | D18: 66 | E18: 10 | F18: 4 | G18: 0 | H18: 3 | I18: 2 | J18: 22 | K18: 7 | L18: 6 | M18: 0 | N18: 0 | O18: 0 | P18: 0 | Q18: 0 | R18: 0 | S18: 0 | T18: 0 | U18: 0 | V18: 0 | W18: 0 | X18: 0 | Y18: 0
A19: 17:45～18:00 | B19: 11 | C19: 4 | D19: 46 | E19: 5 | F19: 3 | G19: 0 | H19: 3 | I19: 4 | J19: 16 | K19: 8 | L19: 2 | M19: 0 | N19: 0 | O19: 0 | P19: 0 | Q19: 0 | R19: 0 | S19: 0 | T19: 0 | U19: 0 | V19: 0 | W19: 0 | X19: 0 | Y19: 0
... A23: 18:45～19:00 | B23: 5 | C23: 2 | D23: 41 | E23: 6 | F23: 2 | G23: 0 | H23: 4 | I23: 2 | J23: 10 | K23: 2 | L23: 6 | M23: 0 | N23: 0 | O23: 0 | P23: 0 | Q23: 0 | R23: 0 | S23: 0 | T23: 0 | U23: 0 | V23: 0 | W23: 0 | X23: 0 | Y23: 0
A24: '註：1.機車(含重機)。2.小型車(小客車、小貨車)。3.大型車(大客車、大貨車)。4.特種車(連結車、貨櫃車等)。

Sheet 路口F
A1: 表1 路口轉向交通量調查表
A2: ='路口(A)'!A2 -> 站號：11017T15-01 | H2: ='路口(A)'!H2 -> 日期：115年05月04日(平日)
A3: ='路口(A)'!A3 -> 站名：中山北路/岡山路口(七叉路口) | H3: ='路口(A)'!H3 -> 天候：晴
A4: 路口編號：F | H4: ='路口(A)'!H4 -> 調查員：黃明和、郭秀玲
A5: 時 間 | B5: 機車 | H5: 小型車 | N5: 大型車 | P5: 大型車 | T5: 特種車 | V5: 大型車
B6: 往G | C6: 往A | D6: 往B | E6: 往C | F6: 往D | G6: 往E | H6: 往G | I6: 往A | J6: 往B | K6: 往C | L6: 往D | M6: 往E | N6: 往G | O6: 往A | P6: 往B | Q6: 往C | R6: 往D | S6: 往E | T6: 往G | U6: 往A | V6: 往B | W6: 往C | X6: 往D | Y6: 往E
A7: 07:00～07:15 | B7: 0 | C7: 0 | D7: 28 | E7: 41 | F7: 1 | G7: 5 | H7: 0 | I7: 0 | J7: 28 | K7: 28 | L7: 0 | M7: 0 | N7: 0 | O7: 0 | P7: 2 | Q7: 1 | R7: 0 | S7: 0 | T7: 0 | U7: 0 | V7: 0 | W7: 0 | X7: 0 | Y7: 0
A8: 07:15～07:30 | B8: 0 | C8: 0 | D8: 34 | E8: 47 | F8: 1 | G8: 2 | H8: 0 | I8: 1 | J8: 22 | K8: 35 | L8: 0 | M8: 2 | N8: 0 | O8: 0 | P8: 3 | Q8: 3 | R8: 0 | S8: 0 | T8: 0 | U8: 0 | V8: 1 | W8: 1 | X8: 0 | Y8: 0
A9: 07:30～07:45 | B9: 0 | C9: 0 | D9: 63 | E9: 53 | F9: 0 | G9: 4 | H9: 0 | I9: 3 | J9: 36 | K9: 38 | L9: 0 | M9: 4 | N9: 0 | O9: 0 | P9: 2 | Q9: 2 | R9: 0 | S9: 0 | T9: 0 | U9: 0 | V9: 2 | W9: 0 | X9: 0 | Y9: 0
A10: 07:45～08:00 | B10: 0 | C10: 0 | D10: 56 | E10: 73 | F10: 0 | G10: 7 | H10: 0 | I10: 2 | J10: 50 | K10: 41 | L10: 0 | M10: 3 | N10: 0 | O10: 0 | P10: 5 | Q10: 3 | R10: 0 | S10: 0 | T10: 0 | U10: 0 | V10: 5 | W10: 0 | X10: 0 | Y10: 0
A11: 08:00～08:15 | B11: 0 | C11: 0 | D11: 43 | E11: 46 | F11: 0 | G11: 4 | H11: 0 | I11: 0 | J11: 43 | K11: 36 | L11: 0 | M11: 1 | N11: 0 | O11: 1 | P11: 2 | Q11: 1 | R11: 0 | S11: 0 | T11: 0 | U11: 0 | V11: 3 | W11: 0 | X11: 0 | Y11: 0
A12: 08:15～08:30 | B12: 0 | C12: 0 | D12: 51 | E12: 52 | F12: 0 | G12: 3 | H12: 1 | I12: 2 | J12: 31 | K12: 41 | L12: 0 | M12: 3 | N12: 0 | O12: 0 | P12: 4 | Q12: 2 | R12: 0 | S12: 0 | T12: 0 | U12: 0 | V12: 7 | W12: 0 | X12: 0 | Y12: 0
A13: 08:30～08:45 | B13: 0 | C13: 0 | D13: 31 | E13: 31 | F13: 0 | G13: 9 | H13: 1 | I13: 3 | J13: 36 | K13: 33 | L13: 0 | M13: 1 | N13: 0 | O13: 2 | P13: 4 | Q13: 5 | R13: 0 | S13: 0 | T13: 0 | U13: 0 | V13: 11 | W13: 0 | X13: 0 | Y13: 0
A14: 08:45～09:00 | B14: 0 | C14: 0 | D14: 25 | E14: 40 | F14: 0 | G14: 4 | H14: 0 | I14: 1 | J14: 25 | K14: 40 | L14: 0 | M14: 5 | N14: 0 | O14: 0 | P14: 7 | Q14: 1 | R14: 0 | S14: 0 | T14: 0 | U14: 0 | V14: 8 | W14: 0 | X14: 0 | Y14: 0
A16: 17:00～17:15 | B16: 0 | C16: 0 | D16: 134 | E16: 131 | F16: 1 | G16: 14 | H16: 2 | I16: 9 | J16: 121 | K16: 94 | L16: 2 | M16: 17 | N16: 0 | O16: 0 | P16: 4 | Q16: 1 | R16: 0 | S16: 0 | T16: 0 | U16: 0 | V16: 1 | W16: 0 | X16: 0 | Y16: 0
A17: 17:15～17:30 | B17: 0 | C17: 1 | D17: 190 | E17: 136 | F17: 0 | G17: 17 | H17: 1 | I17: 15 | J17: 104 | K17: 82 | L17: 1 | M17: 12 | N17: 0 | O17: 0 | P17: 2 | Q17: 2 | R17: 0 | S17: 0 | T17: 0 | U17: 0 | V17: 4 | W17: 0 | X17: 0 | Y17: 0
A18: 17:30～17:45 | B18: 0 | C18: 0 | D18: 157 | E18: 87 | F18: 0 | G18: 13 | H18: 0 | I18: 17 | J18: 125 | K18: 101 | L18: 0 | M18: 6 | N18: 1 | O18: 0 | P18: 4 | Q18: 4 | R18: 0 | S18: 0 | T18: 0 | U18: 0 | V18: 2 | W18: 0 | X18: 0 | Y18: 0
A19: 17:45～18:00 | B19: 0 | C19: 1 | D19: 107 | E19: 67 | F19: 1 | G19: 10 | H19: 0 | I19: 10 | J19: 88 | K19: 68 | L19: 0 | M19: 10 | N19: 0 | O19: 0 | P19: 2 | Q19: 2 | R19: 0 | S19: 0 | T19: 1 | U19: 0 | V19: 1 | W19: 0 | X19: 0 | Y19: 0
... A23: 18:45～19:00 | B23: 0 | C23: 0 | D23: 55 | E23: 41 | F23: 0 | G23: 6 | H23: 0 | I23: 5 | J23: 50 | K23: 43 | L23: 0 | M23: 7 | N23: 0 | O23: 0 | P23: 1 | Q23: 1 | R23: 0 | S23: 0 | T23: 0 | U23: 0 | V23: 1 | W23: 0 | X23: 0 | Y23: 0
A24: '註：1.機車(含重機)。2.小型車(小客車、小貨車)。3.大型車(大客車、大貨車)。4.特種車(連結車、貨櫃車等)。

Sheet 路口G
A1: 表1 路口轉向交通量調查表
A2: ='路口(A)'!A2 -> 站號：11017T15-01 | H2: ='路口(A)'!H2 -> 日期：115年05月04日(平日)
A3: ='路口(A)'!A3 -> 站名：中山北路/岡山路口(七叉路口) | H3: ='路口(A)'!H3 -> 天候：晴
A4: 路口編號：G | H4: ='路口(A)'!H4 -> 調查員：黃明和、郭秀玲
A5: 時 間 | B5: 機車 | H5: 小型車 | N5: 大型車 | P5: 大型車 | T5: 特種車 | V5: 大型車
B6: 往A | C6: 往B | D6: 往C | E6: 往D | F6: 往E | G6: 往F | H6: 往A | I6: 往B | J6: 往C | K6: 往D | L6: 往E | M6: 往F | N6: 往A | O6: 往B | P6: 往C | Q6: 往D | R6: 往E | S6: 往F | T6: 往A | U6: 往B | V6: 往C | W6: 往D | X6: 往E | Y6: 往F
A7: 07:00～07:15 | B7: 0 | C7: 2 | D7: 42 | E7: 11 | F7: 24 | G7: 11 | H7: 0 | I7: 1 | J7: 17 | K7: 0 | L7: 8 | M7: 5 | N7: 0 | O7: 0 | P7: 0 | Q7: 0 | R7: 0 | S7: 0 | T7: 0 | U7: 0 | V7: 0 | W7: 0 | X7: 0 | Y7: 0
A8: 07:15～07:30 | B8: 0 | C8: 3 | D8: 24 | E8: 9 | F8: 23 | G8: 9 | H8: 0 | I8: 2 | J8: 11 | K8: 2 | L8: 5 | M8: 8 | N8: 0 | O8: 0 | P8: 0 | Q8: 0 | R8: 0 | S8: 0 | T8: 0 | U8: 0 | V8: 0 | W8: 0 | X8: 0 | Y8: 0
A9: 07:30～07:45 | B9: 0 | C9: 5 | D9: 28 | E9: 15 | F9: 40 | G9: 22 | H9: 0 | I9: 1 | J9: 10 | K9: 2 | L9: 10 | M9: 10 | N9: 0 | O9: 0 | P9: 2 | Q9: 0 | R9: 0 | S9: 0 | T9: 0 | U9: 0 | V9: 0 | W9: 0 | X9: 0 | Y9: 0
A10: 07:45～08:00 | B10: 0 | C10: 2 | D10: 31 | E10: 12 | F10: 36 | G10: 10 | H10: 0 | I10: 4 | J10: 8 | K10: 0 | L10: 6 | M10: 12 | N10: 0 | O10: 1 | P10: 0 | Q10: 0 | R10: 0 | S10: 0 | T10: 0 | U10: 0 | V10: 0 | W10: 0 | X10: 0 | Y10: 0
A11: 08:00～08:15 | B11: 0 | C11: 1 | D11: 45 | E11: 16 | F11: 26 | G11: 7 | H11: 1 | I11: 2 | J11: 15 | K11: 1 | L11: 10 | M11: 7 | N11: 0 | O11: 0 | P11: 2 | Q11: 0 | R11: 0 | S11: 0 | T11: 0 | U11: 0 | V11: 0 | W11: 0 | X11: 0 | Y11: 0
A12: 08:15～08:30 | B12: 0 | C12: 2 | D12: 21 | E12: 11 | F12: 15 | G12: 2 | H12: 0 | I12: 1 | J12: 18 | K12: 3 | L12: 1 | M12: 6 | N12: 0 | O12: 2 | P12: 1 | Q12: 0 | R12: 0 | S12: 0 | T12: 0 | U12: 0 | V12: 0 | W12: 0 | X12: 0 | Y12: 0
A13: 08:30～08:45 | B13: 0 | C13: 2 | D13: 30 | E13: 18 | F13: 22 | G13: 5 | H13: 0 | I13: 3 | J13: 21 | K13: 0 | L13: 3 | M13: 3 | N13: 0 | O13: 0 | P13: 1 | Q13: 0 | R13: 0 | S13: 1 | T13: 0 | U13: 1 | V13: 0 | W13: 0 | X13: 0 | Y13: 0
A14: 08:45～09:00 | B14: 0 | C14: 3 | D14: 28 | E14: 9 | F14: 19 | G14: 6 | H14: 0 | I14: 4 | J14: 12 | K14: 2 | L14: 9 | M14: 7 | N14: 0 | O14: 1 | P14: 0 | Q14: 0 | R14: 0 | S14: 1 | T14: 0 | U14: 0 | V14: 0 | W14: 0 | X14: 0 | Y14: 1
A16: 17:00～17:15 | B16: 0 | C16: 25 | D16: 83 | E16: 33 | F16: 77 | G16: 5 | H16: 0 | I16: 5 | J16: 20 | K16: 3 | L16: 12 | M16: 3 | N16: 0 | O16: 0 | P16: 1 | Q16: 0 | R16: 0 | S16: 0 | T16: 0 | U16: 0 | V16: 0 | W16: 0 | X16: 0 | Y16: 0
A17: 17:15～17:30 | B17: 0 | C17: 13 | D17: 74 | E17: 38 | F17: 56 | G17: 8 | H17: 0 | I17: 6 | J17: 20 | K17: 1 | L17: 17 | M17: 4 | N17: 0 | O17: 1 | P17: 0 | Q17: 0 | R17: 0 | S17: 0 | T17: 0 | U17: 0 | V17: 0 | W17: 0 | X17: 0 | Y17: 0
A18: 17:30～17:45 | B18: 0 | C18: 16 | D18: 51 | E18: 31 | F18: 48 | G18: 11 | H18: 0 | I18: 10 | J18: 28 | K18: 3 | L18: 10 | M18: 2 | N18: 1 | O18: 0 | P18: 0 | Q18: 0 | R18: 2 | S18: 0 | T18: 0 | U18: 0 | V18: 0 | W18: 0 | X18: 0 | Y18: 0
A19: 17:45～18:00 | B19: 1 | C19: 6 | D19: 36 | E19: 21 | F19: 34 | G19: 7 | H19: 0 | I19: 5 | J19: 17 | K19: 1 | L19: 14 | M19: 4 | N19: 0 | O19: 0 | P19: 1 | Q19: 0 | R19: 0 | S19: 0 | T19: 0 | U19: 0 | V19: 0 | W19: 0 | X19: 0 | Y19: 0
... A23: 18:45～19:00 | B23: 0 | C23: 8 | D23: 25 | E23: 11 | F23: 28 | G23: 3 | H23: 0 | I23: 2 | J23: 17 | K23: 1 | L23: 10 | M23: 3 | N23: 0 | O23: 0 | P23: 2 | Q23: 0 | R23: 0 | S23: 0 | T23: 0 | U23: 0 | V23: 0 | W23: 0 | X23: 0 | Y23: 0
A24: '註：1.機車(含重機)。2.小型車(小客車、小貨車)。3.大型車(大客車、大貨車)。4.特種車(連結車、貨櫃車等)。

Sheet 監測日誌
B1: 監 測 日 誌
B3: 項 目 | C3: 交通流量調查 | F3: 地 點 | G3: 中山北路/岡山路口(七叉路口)
C5: 監測日期： | D5: 115年05月04日(平日)
C6: 天 氣： | D6: 晴
C7: 道路狀況： | D7: 道路狀況尚好
B8: 監
B14: 測
B20: 現
B26: 場
B31: 概
B36: 述
C38: 註: 單位公尺
B40: 異 常 | C40: 本次調查期間，台1線因本計畫進行施工作業，南北雙向內側車道進行封閉並架設施工圍籬。
B41: 狀 況

Sheet 時相圖
A1: 工程相關路口號誌現況時制統計表
A2: 編 號 | B2: 路 口 簡 圖 | E2: 時相 | F2: 時相順序
E4: 時
E5: 相
E6: 圖
E9: 時制 | F9: G:26 Y:3 R:3 | G9: G: 26 Y:2 R:5 | H9: G:53 Y:3 R:9 | I9: G: 39 Y:3 R:3

Sheet 照片
B2: =監測日誌!G3 -> 中山北路/岡山路口(七叉路口)
B15: 錄影監測位置
